Workbook

Sheet 体育系
A1: 男：○ 女：△ 男女：□ | B1: 陸上競技 | C1: 水泳 | D1: 体操 | E1: 新体操 | F1: トランポリン | G1: ソフトボール | H1: バレーボール | I1: バスケットボール | J1: 硬式テニス | K1: ソフトテニス | L1: 卓球 | M1: ハンドボール | N1: バドミントン | O1: 剣道 | P1: アーチェリー | Q1: フェンシング | R1: 硬式野球 | S1: 軟式野球 | T1: サッカー | U1: フットサル | V1: 柔道 | W1: ウエイトリフティング | X1: 空手道 | Y1: 日本拳法 | Z1: ボクシング | AA1: 少林寺拳法 | AB1: 合気道 | AC1: テコンドー | AD1: レスリング | AE1: アメリカンフットボール | AF1: なぎなた | AG1: 弓道 | AH1: ラグビー | AI1: ゴルフ | AJ1: 自転車 | AK1: スキー | AL1: スケート | AM1: ラクロス | AN1: 登山(山岳) | AO1: ワンダーホーゲル | AP1: ダンス | AQ1: チアダンス
A2: 大阪星光学院高等学校 | B2: ○ | H2: ○ | I2: ○ | J2: ○ | L2: ○ | O2: ○ | R2: ○ | T2: ○ | V2: ○ | AG2: ○
A3: 興國 | B3: ○ | G3: ○ | H3: ○ | I3: ○ | J3: ○ | L3: ○ | O3: ○ | R3: ○ | S3: ○ | T3: ○ | V3: ○ | X3: ○ | Z3: ○ | AD3: ○ | AH3: ○ | AI3: ○ | AJ3: ○ | AM3: ○ | AP3: ○
A4: 清風 | B4: ○ | C4: ○ | D4: ○ | E4: ○ | H4: ○ | I4: ○ | J4: ○ | L4: ○ | M4: ○ | O4: ○ | T4: ○ | V4: ○ | X4: ○ | Y4: ○ | AE4: ○ | AI4: ○ | AP4: ○
A5: 東大阪大学柏原 | B5: ○ | H5: ○ | I5: ○ | L5: ○ | N5: ○ | R5: ○ | T5: ○ | V5: ○ | X5: ○ | Y5: ○ | AH5: ○ | AI5: ○
A6: 明星 | B6: ○ | C6: ○ | D6: ○ | H6: ○ | I6: ○ | K6: ○ | L6: ○ | O6: ○ | R6: ○ | T6: ○ | AO6: ○
A7: ヴェリタス城星学園 | C7: △ | J7: △ | N7: △ | O7: △ | AP7: △
A8: 大阪薫英女学院 | B8: △ | C8: △ | D8: △ | G8: △ | H8: △ | I8: △ | K8: △ | N8: △ | O8: △ | U8: △ | AP8: △
A9: 大阪女学院 | B9: △ | C9: △ | G9: △ | H9: △ | I9: △ | J9: △ | T9: △ | AG9: △ | AK9: △
A10: 大阪成蹊女子 | B10: △ | C10: △ | D10: △ | E10: △ | G10: △ | H10: △ | I10: △ | J10: △ | L10: △ | M10: △ | N10: △ | O10: △ | U10: △ | AP10: △ | AQ10: △
A11: 大谷 | B11: △ | H11: △ | I11: △ | J11: △ | L11: △ | M11: △ | N11: △ | AP11: △
A12: 香ヶ丘リベルテ | B12: △ | G12: △ | H12: △ | I12: △ | K12: △ | T12: △ | AP12: △
A13: 金蘭会 | E13: △ | G13: △ | H13: △ | I13: △ | J13: △ | N13: △ | O13: △ | X13: △ | AP13: △
A14: 好文学園女子 | H14: △ | I14: △ | K14: △ | M14: △ | O14: △ | AA14: △ | AG14: △ | AI14: △ | AP14: △
A15: 堺リベラル | I15: △ | J15: △ | AP15: △
A16: 四天王寺 | D16: △ | H16: △ | I16: △ | K16: △ | L16: △ | M16: △ | N16: △ | O16: △ | AB16: △ | AP16: △
A17: 樟蔭 | D17: △ | E17: △ | G17: △ | H17: △ | I17: △ | J17: △ | K17: △ | N17: △ | O17: △ | AP17: △
A18: 城南学園 | B18: △ | C18: △ | D18: △ | H18: △ | I18: △ | J18: △ | K18: △ | M18: △ | X18: △ | AG18: △ | AP18: △
A19: 宣真 | B19: △ | G19: △ | H19: △ | I19: △ | K19: △ | L19: △ | M19: △ | N19: △ | O19: △ | AF19: △
A20: 相愛 | B20: △ | D20: △ | E20: △ | H20: △ | I20: △ | J20: △ | K20: △ | O20: △
A21: 帝塚山学院 | B21: △ | C21: △ | F21: △ | H21: △ | I21: △ | K21: △ | N21: △ | O21: △ | P21: △ | T21: △ | AP21: △
A22: 梅花 | B22: △ | C22: △ | D22: △ | E22: △ | H22: △ | I22: △ | J22: △ | K22: △ | L22: △ | N22: △ | O22: △ | T22: △ | AP22: △
A23: プール学院 | B23: △ | D23: △ | G23: △ | H23: △ | I23: △ | K23: △ | L23: △ | N23: △ | AP23: △
A24: 藍野
A25: アサンプション国際
A26: アナン学園
A27: あべの翔学
A28: 上宮
A29: 上宮太子
A30: 英真学園
A31: 追手門学院
A32: 追手門学院大手前
A33: 大阪
A34: 大阪偕星学園
A35: 大阪学院大学
... A108: YMCA学院

Sheet Sheet3
A2: 大阪星光学院高等学校 | B2: =_xlfn.XLOOKUP(A2,hightSchoolData!$B$2:$B$379,hightSchoolData!$A$2:$A$379,"",1,1) -> 24 | C2: =_xlfn.XLOOKUP(A2,hightSchoolData!$B$2:$B$379,hightSchoolData!$B$2:$B$379,"",1,1) -> 大阪星光学院高等学校 | E2: =COUNTIF(B$2:B$108,B2) -> 1
A3: 興國 | B3: =_xlfn.XLOOKUP(A3,hightSchoolData!$B$2:$B$379,hightSchoolData!$A$2:$A$379,"",1,1) -> 50 | C3: =_xlfn.XLOOKUP(A3,hightSchoolData!$B$2:$B$379,hightSchoolData!$B$2:$B$379,"",1,1) -> 興國高等学校 | E3: =COUNTIF(B$2:B$108,B3) -> 1
A4: 清風 | B4: =_xlfn.XLOOKUP(A4,hightSchoolData!$B$2:$B$379,hightSchoolData!$A$2:$A$379,"",1,1) -> 71 | C4: =_xlfn.XLOOKUP(A4,hightSchoolData!$B$2:$B$379,hightSchoolData!$B$2:$B$379,"",1,1) -> 清風高等学校 | E4: =COUNTIF(B$2:B$108,B4) -> 1
A5: 東大阪大学柏原 | B5: =_xlfn.XLOOKUP(A5,hightSchoolData!$B$2:$B$379,hightSchoolData!$A$2:$A$379,"",1,1) -> 93 | C5: =_xlfn.XLOOKUP(A5,hightSchoolData!$B$2:$B$379,hightSchoolData!$B$2:$B$379,"",1,1) -> 東大阪大学柏原高等学校 | E5: =COUNTIF(B$2:B$108,B5) -> 1
A6: 明星 | B6: =_xlfn.XLOOKUP(A6,hightSchoolData!$B$2:$B$379,hightSchoolData!$A$2:$A$379,"",1,1) -> 100 | C6: =_xlfn.XLOOKUP(A6,hightSchoolData!$B$2:$B$379,hightSchoolData!$B$2:$B$379,"",1,1) -> 明星高等学校 | E6: =COUNTIF(B$2:B$108,B6) -> 1
A7: ヴェリタス城星学園 | B7: =_xlfn.XLOOKUP(A7,hightSchoolData!$B$2:$B$379,hightSchoolData!$A$2:$A$379,"",1,1) -> 5 | C7: =_xlfn.XLOOKUP(A7,hightSchoolData!$B$2:$B$379,hightSchoolData!$B$2:$B$379,"",1,1) -> ヴェリタス城星学園高等学校 | E7: =COUNTIF(B$2:B$108,B7) -> 1
A8: 大阪薫英女学院 | B8: =_xlfn.XLOOKUP(A8,hightSchoolData!$B$2:$B$379,hightSchoolData!$A$2:$A$379,"",1,1) -> 15 | C8: =_xlfn.XLOOKUP(A8,hightSchoolData!$B$2:$B$379,hightSchoolData!$B$2:$B$379,"",1,1) -> 大阪薫英女学院高等学校 | E8: =COUNTIF(B$2:B$108,B8) -> 1
A9: 大阪女学院 | B9: =_xlfn.XLOOKUP(A9,hightSchoolData!$B$2:$B$379,hightSchoolData!$A$2:$A$379,"",1,1) -> 21 | C9: =_xlfn.XLOOKUP(A9,hightSchoolData!$B$2:$B$379,hightSchoolData!$B$2:$B$379,"",1,1) -> 大阪女学院高等学校 | E9: =COUNTIF(B$2:B$108,B9) -> 1
A10: 大阪成蹊女子 | B10: =_xlfn.XLOOKUP(A10,hightSchoolData!$B$2:$B$379,hightSchoolData!$A$2:$A$379,"",1,1) -> 23 | C10: =_xlfn.XLOOKUP(A10,hightSchoolData!$B$2:$B$379,hightSchoolData!$B$2:$B$379,"",1,1) -> 大阪成蹊女子高等学校 | E10: =COUNTIF(B$2:B$108,B10) -> 1
A11: 大谷 | B11: =_xlfn.XLOOKUP(A11,hightSchoolData!$B$2:$B$379,hightSchoolData!$A$2:$A$379,"",1,1) -> 32 | C11: =_xlfn.XLOOKUP(A11,hightSchoolData!$B$2:$B$379,hightSchoolData!$B$2:$B$379,"",1,1) -> 大谷高等学校 | E11: =COUNTIF(B$2:B$108,B11) -> 1
A12: 香ヶ丘リベルテ | B12: =_xlfn.XLOOKUP(A12,hightSchoolData!$B$2:$B$379,hightSchoolData!$A$2:$A$379,"",1,1) -> 34 | C12: =_xlfn.XLOOKUP(A12,hightSchoolData!$B$2:$B$379,hightSchoolData!$B$2:$B$379,"",1,1) -> 香ヶ丘リベルテ高等学校 | E12: =COUNTIF(B$2:B$108,B12) -> 1
A13: 金蘭会 | B13: =_xlfn.XLOOKUP(A13,hightSchoolData!$B$2:$B$379,hightSchoolData!$A$2:$A$379,"",1,1) -> 45 | C13: =_xlfn.XLOOKUP(A13,hightSchoolData!$B$2:$B$379,hightSchoolData!$B$2:$B$379,"",1,1) -> 金蘭会高等学校 | E13: =COUNTIF(B$2:B$108,B13) -> 1
... A23: プール学院 | B23: =_xlfn.XLOOKUP(A23,hightSchoolData!$B$2:$B$379,hightSchoolData!$A$2:$A$379,"",1,1) -> 96 | C23: =_xlfn.XLOOKUP(A23,hightSchoolData!$B$2:$B$379,hightSchoolData!$B$2:$B$379,"",1,1) -> プール学院高等学校 | E23: =COUNTIF(B$2:B$108,B23) -> 1
E24: =COUNTIF(B$2:B$108,B24) -> 1
A25: アサンプション国際 | B25: =_xlfn.XLOOKUP(A25,hightSchoolData!$B$2:$B$379,hightSchoolData!$A$2:$A$379,"",1,1) -> 0 | C25: =_xlfn.XLOOKUP(A25,hightSchoolData!$B$2:$B$379,hightSchoolData!$B$2:$B$379,"",1,1) -> アサンプション国際高等学校 | E25: =COUNTIF(B$2:B$108,B25) -> 1
A26: アナン学園 | B26: =_xlfn.XLOOKUP(A26,hightSchoolData!$B$2:$B$379,hightSchoolData!$A$2:$A$379,"",1,1) -> 1 | C26: =_xlfn.XLOOKUP(A26,hightSchoolData!$B$2:$B$379,hightSchoolData!$B$2:$B$379,"",1,1) -> アナン学園高等学校 | E26: =COUNTIF(B$2:B$108,B26) -> 1
A27: あべの翔学 | B27: =_xlfn.XLOOKUP(A27,hightSchoolData!$B$2:$B$379,hightSchoolData!$A$2:$A$379,"",1,1) -> 2 | C27: =_xlfn.XLOOKUP(A27,hightSchoolData!$B$2:$B$379,hightSchoolData!$B$2:$B$379,"",1,1) -> あべの翔学高等学校 | E27: =COUNTIF(B$2:B$108,B27) -> 1
A28: 上宮 | B28: =_xlfn.XLOOKUP(A28,hightSchoolData!$B$2:$B$379,hightSchoolData!$A$2:$A$379,"",1,1) -> 3 | C28: =_xlfn.XLOOKUP(A28,hightSchoolData!$B$2:$B$379,hightSchoolData!$B$2:$B$379,"",1,1) -> 上宮高等学校 | E28: =COUNTIF(B$2:B$108,B28) -> 1
A29: 上宮太子 | B29: =_xlfn.XLOOKUP(A29,hightSchoolData!$B$2:$B$379,hightSchoolData!$A$2:$A$379,"",1,1) -> 4 | C29: =_xlfn.XLOOKUP(A29,hightSchoolData!$B$2:$B$379,hightSchoolData!$B$2:$B$379,"",1,1) -> 上宮太子高等学校 | E29: =COUNTIF(B$2:B$108,B29) -> 1
A30: 英真学園 | B30: =_xlfn.XLOOKUP(A30,hightSchoolData!$B$2:$B$379,hightSchoolData!$A$2:$A$379,"",1,1) -> 6 | C30: =_xlfn.XLOOKUP(A30,hightSchoolData!$B$2:$B$379,hightSchoolData!$B$2:$B$379,"",1,1) -> 英真学園高等学校 | E30: =COUNTIF(B$2:B$108,B30) -> 1
A31: 追手門学院 | B31: =_xlfn.XLOOKUP(A31,hightSchoolData!$B$2:$B$379,hightSchoolData!$A$2:$A$379,"",1,1) -> 8 | C31: =_xlfn.XLOOKUP(A31,hightSchoolData!$B$2:$B$379,hightSchoolData!$B$2:$B$379,"",1,1) -> 追手門学院高等学校 | E31: =COUNTIF(B$2:B$108,B31) -> 1
A32: 追手門学院大手前 | B32: =_xlfn.XLOOKUP(A32,hightSchoolData!$B$2:$B$379,hightSchoolData!$A$2:$A$379,"",1,1) -> 9 | C32: =_xlfn.XLOOKUP(A32,hightSchoolData!$B$2:$B$379,hightSchoolData!$B$2:$B$379,"",1,1) -> 追手門学院大手前高等学校 | E32: =COUNTIF(B$2:B$108,B32) -> 1
A33: 大阪高等 | B33: =_xlfn.XLOOKUP(A33,hightSchoolData!$B$2:$B$379,hightSchoolData!$A$2:$A$379,"",1,1) -> 10 | C33: =_xlfn.XLOOKUP(A33,hightSchoolData!$B$2:$B$379,hightSchoolData!$B$2:$B$379,"",1,1) -> 大阪高等学校 | E33: =COUNTIF(B$2:B$108,B33) -> 1
A34: 大阪偕星学園 | B34: =_xlfn.XLOOKUP(A34,hightSchoolData!$B$2:$B$379,hightSchoolData!$A$2:$A$379,"",1,1) -> 11 | C34: =_xlfn.XLOOKUP(A34,hightSchoolData!$B$2:$B$379,hightSchoolData!$B$2:$B$379,"",1,1) -> 大阪偕星学園高等学校 | E34: =COUNTIF(B$2:B$108,B34) -> 1
A35: 大阪学院大学 | B35: =_xlfn.XLOOKUP(A35,hightSchoolData!$B$2:$B$379,hightSchoolData!$A$2:$A$379,"",1,1) -> 12 | C35: =_xlfn.XLOOKUP(A35,hightSchoolData!$B$2:$B$379,hightSchoolData!$B$2:$B$379,"",1,1) -> 大阪学院大学高等学校 | E35: =COUNTIF(B$2:B$108,B35) -> 1
A36: 大阪学芸 | B36: =_xlfn.XLOOKUP(A36,hightSchoolData!$B$2:$B$379,hightSchoolData!$A$2:$A$379,"",1,1) -> 13 | C36: =_xlfn.XLOOKUP(A36,hightSchoolData!$B$2:$B$379,hightSchoolData!$B$2:$B$379,"",1,1) -> 大阪学芸高等学校 | E36: =COUNTIF(B$2:B$108,B36) -> 1
... A108: YMCA学院 | B108: =_xlfn.XLOOKUP(A108,hightSchoolData!$B$2:$B$379,hightSchoolData!$A$2:$A$379,"",1,1) -> 104 | C108: =_xlfn.XLOOKUP(A108,hightSchoolData!$B$2:$B$379,hightSchoolData!$B$2:$B$379,"",1,1) -> YMCA学院高等学校 | E108: =COUNTIF(B$2:B$108,B108) -> 1

Sheet 文化系
A1: 男：○ 女：△ 男女：□ | B1: 音楽 | C1: 合唱・コーラス | D1: 聖歌隊 | E1: ハンドベル | F1: 吹奏楽 | G1: 軽音楽 | H1: フォークソング | I1: ギター | J1: クラッシックギター | K1: マンドリン | L1: 箏曲 | M1: 和太鼓 | N1: 日舞 | O1: バトントワリング | P1: チアリーディング | Q1: 演劇 | R1: 美術 | S1: 書道 | T1: 写真 | U1: 茶道 | V1: 華道 | W1: 茶華道 | X1: 新聞 | Y1: 放送 | Z1: 映画研究 | AA1: マンガ研究 | AB1: アニメーション | AC1: クイズ研究 | AD1: 歴史研究 | AE1: イラスト | AF1: 囲碁 | AG1: 囲碁将棋 | AH1: 将棋 | AI1: かるた | AJ1: 文芸 | AK1: 図書 | AL1: 釣り | AM1: 理科 | AN1: 科学(サイエンス) | AO1: 生物 | AP1: 園芸 | AQ1: 化学 | AR1: 地歴 | AS1: 人権問題研究 | AT1: ボランティア | AU1: インターアクト | AV1: YMCA | AW1: 手話 | AX1: 食物(調理) | AY1: 鉄道研究 | AZ1: ESS | BA1: 英語(英会話) | BB1: 簿記 | BC1: コンピュータ(パソコン) | BD1: eスポーツ
A2: 大阪星光学院高等学校
A3: 興國
A4: 清風
A5: 東大阪大学柏原
A6: 明星
A7: ヴェリタス城星学園
A8: 大阪薫英女学院
A9: 大阪女学院
A10: 大阪成蹊女子
A11: 大谷
A12: 香ヶ丘リベルテ
A13: 金蘭会
... A108: YMCA学院

Sheet hightSchoolData
A1: id | B1: name | C1: ruby | D1: site | E1: address | F1: label | G1: education | H1: course | I1: tel | J1: lat | K1: lng | L1: near | M1: course1 | N1: course2 | O1: course3 | P1: course4 | Q1: course5 | R1: course6
A2: 0 | B2: アサンプション国際高等学校 | C2: あさんぷしょんこくさいこうとうがっこう | D2: https://www.assumption.ed.jp/jsh/ | E2: 大阪府箕面市如意谷1-13-23 | F2: 私立 | G2: 共学校 | H2: 普通科 | I2: 072-721-3080 | J2: 34.836591 | K2: 135.47868 | L2: 阪急箕面線「箕面」徒歩約15分／阪急千里線「北千里」からスクールバス／北大阪急行・大阪モノレール「千里中央」から阪急バス「如意谷住宅前」下車徒歩約2分・「第二中学校口」下車徒歩約5分 | M2: 普通科
A3: 1 | B3: アナン学園高等学校 | C3: あなんがくえんこうとうがっこう | D3: https://www.anangakuen.ed.jp/ | E3: 大阪府東大阪市若江西新町3-1-8 | F3: 私立 | G3: 共学校 | H3: 看護科（5年一貫教育）、調理科 | I3: 06-6723-5511 | J3: 34.656545 | K3: 135.59693 | L3: 近鉄奈良線「八戸野ノ里」南東徒歩約15分 | M3: 看護科（5年一貫教育） | N3: 調理科
A4: 2 | B4: あべの翔学高等学校 | C4: あべのしょうまなぶこうとうがっこう | D4: http://www.abeno-shogaku.ed.jp | E4: 大阪府大阪市阿倍野区天王寺町南2-8-19 | F4: 私立 | G4: 共学校 | H4: 普通科 | I4: 06-6719-2801 | J4: 34.642423 | K4: 135.52533 | L4: 近鉄南大阪線「河堀口」180ｍ／JR阪和線「美章園」600ｍ／JR環状線「寺田町」700ｍ | M4: 普通科
A5: 3 | B5: 上宮高等学校 | C5: うえみやこうとうがっこう | D5: http://www.uenomiya.ed.jp | E5: 大阪府大阪市天王寺区上之宮町9-36 | F5: 私立 | G5: 共学校 | H5: 普通科 | I5: 06-6771-5701 | J5: 34.661188 | K5: 135.51968 | L5: 大阪メトロ谷町線・千日前線「谷町九丁目」徒歩10分／JR大阪環状線「桃谷」徒歩12分／近鉄「大阪上本町」徒歩6分／大阪市バス62号系統「上本町八丁目」下車徒歩2分 | M5: 普通科
A6: 4 | B6: 上宮太子高等学校 | C6: うえのみやたいしこうとうがっこう | D6: http://www.uenomiya-taishi.ed.jp | E6: 大阪府大阪府南河内郡太子町太子1053 | F6: 私立 | G6: 共学校 | H6: 普通科 | I6: 0721-98-3611 | J6: 34.51615 | K6: 135.63741 | L6: 近鉄長野線「喜志」・近鉄南大阪線「上ノ太子」・JR大和路線「高井田」・近鉄大阪線「河内国分」・南海高野線「金剛」からスクールバス | M6: 普通科
A7: 5 | B7: ヴェリタス城星学園高等学校 | C7: う゛ぇりたすじょうせいがくえんこうとうがっこう | D7: http://www.josei.ed.jp/ | E7: 大阪府大阪市中央区玉造2-23-26 | F7: 私立 | G7: 女子校 | H7: 普通科 | I7: 06-6941-5977 | J7: 34.678156 | K7: 135.52797 | L7: JR環状線「玉造」・「森ノ宮」徒歩約10分／大阪メトロ「玉造」徒歩約6分／大阪メトロ「森ノ宮」徒歩約10分／大阪市バス「玉造二丁目」下車徒歩約3分 | M7: 普通科
A8: 6 | B8: 英真学園高等学校 | C8: えいしんがくえんこうとうがっこう | D8: http://www.eishingakuen.ac.jp | E8: 大阪府大阪市淀川区十三東5-4-38 | F8: 私立 | G8: 共学校 | H8: 普通科 | I8: 06-6303-2181 | J8: 34.723726 | K8: 135.48344 | L8: 阪急「十三」東口徒歩5分 | M8: 普通科
A9: 7 | B9: 英風高等学校 | C9: えいふうこうとうがっこう | D9: https://eifu.ed.jp/ | E9: 大阪府大阪市福島区吉野4-13-4 | F9: 私立 | G9: 女子校 | H9: 通信制 | I9: 0120-8120-78 | J9: 34.688457 | K9: 135.47162 | L9: JR環状線「野田」徒歩約3分／JR東西線「海老江」徒歩約13分／大阪メトロ千日前線「玉川」徒歩約5分／阪神本線「野田」徒歩約13分 | M9: 通信制
A10: 8 | B10: 追手門学院高等学校 | C10: おうてもんがくいんこうとうがっこう | D10: https://www.otemon-jh.ed.jp | E10: 大阪府茨木市太田東芝町1-1 | F10: 私立 | G10: 共学校 | H10: 普通科 | I10: 072-697-8185 | J10: 34.838221 | K10: 135.57717 | L10: JR京都線「総持寺」徒歩15分／阪急京都線「総持寺」徒歩25分／阪急京都線「茨木市」から近鉄バス「追大総持寺キャンパス前」・「追手門学院中・高前」下車すぐ | M10: 普通科
A11: 9 | B11: 追手門学院大手前高等学校 | C11: おうてもんがくいんおおてまえこうとうがっこう | D11: https://www.otemon-js.ed.jp/ | E11: 大阪府大阪市中央区大手前1-3-20 | F11: 私立 | G11: 共学校 | H11: 普通科 | I11: 06-6942-2235 | J11: 34.689318 | K11: 135.5207 | L11: 京阪本線・大阪メトロ谷町線「天満橋」徒歩5分／JR東西線「大阪城北詰」徒歩10分 | M11: 普通科
A12: 10 | B12: 大阪高等学校 | C12: おおさかこうとうがっこう | D12: http://www.osakashs.ed.jp/ | E12: 大阪府大阪市東淀川区相川2-18-51 | F12: 私立 | G12: 共学校 | H12: 普通科 | I12: 06-6340-3031 | J12: 34.759083 | K12: 135.53495 | L12: 阪急京都線「相川」徒歩すぐ／JR京都線「吹田」下車徒歩15分／大阪メトロ今里筋線「井高野」徒歩12分 | M12: 普通科
A13: 11 | B13: 大阪偕星学園高等学校 | C13: おおさかかいせいがくえんこうとうがっこう | D13: http://www.osaka-kaisei.ac.jp | E13: 大阪府大阪市生野区勝山南2-6-38 | F13: 私立 | G13: 共学校 | H13: 普通科 | I13: 06-6716-0003 | J13: 34.65255 | K13: 135.53017 | L13: JR大阪環状線「桃谷」「寺田町」徒歩10分 | M13: 普通科
A14: 12 | B14: 大阪学院大学高等学校 | C14: おおさかがくいんだいがくこうとうがっこう | D14: http://www.ogu-h.ed.jp/ | E14: 大阪府吹田市岸辺南2-6-1 | F14: 私立 | G14: 共学校 | H14: 普通科 | I14: 06-6381-6661 | J14: 34.774764 | K14: 135.54137 | L14: JR京都線「岸辺」徒歩2分／阪急京都線「正雀」徒歩7分 | M14: 普通科
A15: 13 | B15: 大阪学芸高等学校 | C15: おおさかがくげいこうとうがっこう | D15: https://www.osakagakugei.ac.jp/senior/ | E15: 大阪府大阪市住吉区長居1-4-15 | F15: 私立 | G15: 共学校 | H15: 普通科 | I15: 06-6693-6301 | J15: 34.61537 | K15: 135.51212 | L15: JR阪和線「長居」徒歩6分、JR阪和線「鶴ヶ丘」徒歩8分、大阪メトロ御堂筋線「長居」徒歩7分、大阪メトロ御堂筋線「西田辺」徒歩10分 | M15: 普通科
A16: 14 | B16: 大阪暁光高等学校 | C16: おおさかぎょうこうこうとうがっこう | D16: https://www.osakagyoko.ed.jp/ | E16: 大阪府河内長野市楠町西1090 | F16: 私立 | G16: 共学校 | H16: 看護科、看護専攻科、普通科 | I16: 0721-53-5281 | J16: 34.470816 | K16: 135.5611 | L16: 南海高野線「千代田」北西徒歩8分 | M16: 看護科 | N16: 看護専攻科 | O16: 普通科
A17: 15 | B17: 大阪薫英女学院高等学校 | C17: おおさかくんえいじょがくいんこうとうがっこう | D17: https://www.kun-ei.jp/ | E17: 大阪府摂津市正雀1-4-1 | F17: 私立 | G17: 女子校 | H17: 国際科、普通科 | I17: 06-6381-5381 | J17: 34.778372 | K17: 135.54993 | L17: 阪急京都線「正雀」徒歩5分／JR「岸辺」徒歩10分／大阪モノレール「摂津」徒歩15分 | M17: 国際科 | N17: 普通科
A18: 16 | B18: 大阪国際高等学校 | C18: おおさかこくさいこうとうがっこう | D18: https://www.kokusai-h.oiu.ed.jp | E18: 大阪府守口市松下町1-28 | F18: 私立 | G18: 共学校 | H18: 普通科 | I18: 06-6992-5931 | J18: 34.72952 | K18: 135.56767 | L18: 京阪「土居」徒歩8分・京阪「守口」徒歩10分・今里筋線「清水」徒歩12分・谷町線「太子橋今市」徒歩14分・大阪シティバス「滝井」徒歩7分 | M18: 普通科
A19: 17 | B19: 大阪金剛インターナショナル高等学校 | C19: おおさかこんごういんたーなしょなるこうとうがっこう | D19: http://www.kongogakuen.ed.jp | E19: 大阪府大阪市住之江区南港北2-6-10 | F19: 私立 | G19: 共学校 | H19: 普通科 | I19: 06-4703-1780 | J19: 34.639535 | K19: 135.40734 | L19: 大阪メトロ中央線「コスモスクエア」徒歩15分／ニュートラム「トレードセンター前」徒歩7分 | M19: 普通科
A20: 18 | B20: 大阪産業大学附属高等学校 | C20: おおさかさんぎょうだいがくふぞくこうとうがっこう | D20: http://www.osaka-sandai.ed.jp/ | E20: 大阪府大阪市城東区古市1-20-26 | F20: 私立 | G20: 共学校 | H20: 国際科、普通科 | I20: 06-6939-1491 | J20: 34.708851 | K20: 135.55892 | L20: 大阪メトロ長堀鶴見緑地線「今福鶴見」徒歩7分／大阪メトロ今里筋線「新森古市」徒歩7分／京阪本線「関目」徒歩15分／大阪市シティバス86号系統「鶴見六丁目」下車すぐ | M20: 国際科 | N20: 普通科
A21: 19 | B21: 大阪商業大学高等学校 | C21: おおさかしょうぎょうだいがくこうとうがっこう | D21: http://www.daishodai-h.ed.jp | E21: 大阪府東大阪市御厨栄町4-1-10 | F21: 私立 | G21: 共学校 | H21: 普通科 | I21: 06-6781-3050 | J21: 34.666876 | K21: 135.58573 | L21: 近鉄奈良線「八戸ノ里」徒歩4分・「河内小阪」北東徒歩8分／大阪メトロ中央線「長田」徒歩20分／JR学研都市線「徳庵」からバス「商業大学前」・「鴻池新田」からバス「商業大学前」下車すぐ | M21: 普通科
A22: 20 | B22: 大阪商業大学堺高等学校 | C22: おおさかしょうぎょうだいがくさかいこうとうがっこう | D22: http://www.shodaisakai.ac.jp | E22: 大阪府堺市中区堀上町358 | F22: 私立 | G22: 共学校 | H22: 普通科 | I22: 072-278-2252 | J22: 34.528067 | K22: 135.48699 | L22: JR「津久野」からバス「八田寺公園前」または「堀上」下車すぐ／泉北高速鉄道「深井」下車徒歩15分 | M22: 普通科
A23: 21 | B23: 大阪女学院高等学校 | C23: おおさかじょがくいんこうとうがっこう | D23: http://www.osaka-jogakuin.ed.jp | E23: 大阪府大阪市中央区玉造2-26-54 | F23: 私立 | G23: 女子校 | H23: 英語科、普通科 | I23: 06-6761-4113 | J23: 34.675871 | K23: 135.52767 | L23: 大阪メトロ長堀鶴見緑地線「玉造」1番出口西徒歩3分／JR環状線「玉造」西500ｍ／大阪メトロ中央線「森ノ宮」南西700ｍ／大阪市バス「清水谷高校前」下車北100ｍ | M23: 英語科 | N23: 普通科
A24: 22 | B24: 大阪信愛学院高等学校 | C24: おおさかしんあいがくいんこうとうがっこう | D24: http://www.osaka-shinai.ac.jp | E24: 大阪府大阪市城東区古市2-7-30 | F24: 私立 | G24: 共学校 | H24: 普通科 | I24: 06-6939-4391 | J24: 34.711171 | K24: 135.55776 | L24: 京阪本線「関目」徒歩15分、大阪メトロ長堀鶴見緑地線「今福鶴見」徒歩15分、大阪メトロ谷町線「関目高殿」徒歩18分、大阪メトロ今里筋線「新森古市」徒歩5分 | M24: 普通科
A25: 23 | B25: 大阪成蹊女子高等学校 | C25: おおさかせいけいじょしこうとうがっこう | D25: http://high.osaka-seikei.ac.jp | E25: 大阪府大阪市東淀川区相川3-10-62 | F25: 私立 | G25: 女子校 | H25: 美術科、普通科 | I25: 06-6829-2510 | J25: 34.759108 | K25: 135.53747 | L25: 阪急京都線「相川」東徒歩約4分／大阪メトロ今里筋線・JR京都線「吹田」からスクールバス | M25: 美術科 | N25: 普通科
A26: 24 | B26: 大阪星光学院高等学校 | C26: おおさかせいこうがくいんこうとうがっこう | D26: http://www.osakaseiko.ac.jp/ | E26: 大阪府大阪市天王寺区伶人町1-6 | F26: 私立 | G26: 男子校 | H26: 普通科 | I26: 06-6771-0737 | J26: 34.656462 | K26: 135.51334 | L26: 大阪メトロ谷町線「四天王寺前夕陽丘」徒歩2分 | M26: 普通科
A27: 25 | B27: 大阪青凌高等学校 | C27: おおさかせいりょうこうとうがっこう | D27: https://www.osakaseiryo.jp/ | E27: 大阪府三島郡島本町若山台1-1-1 | F27: 私立 | G27: 共学校 | H27: 普通科 | I27: 075-754-7771 | J27: 34.886652 | K27: 135.6605 | L27: JR京都線「島本」徒歩10分／阪急京都線「水無瀬」徒歩15分 | M27: 普通科
A28: 26 | B28: 大阪体育大学浪商高等学校 | C28: おおさかたいいくだいがくなみしょうこうとうがっこう | D28: http://www.ouhs-school.jp/ | E28: 大阪府大阪府泉南郡熊取町朝代台1-1 | F28: 私立 | G28: 共学校 | H28: 普通科 | I28: 072-453-7001 | J28: 34.380295 | K28: 135.35724 | L28: JR阪和線「熊取」から南海バス「浪商学園前」下車／南海本線「泉佐野」から南海バス「浪商学園前」下車 | M28: 普通科
A29: 27 | B29: 大阪つくば開成高等学校 | C29: おおさかつくばかいせいこうとうがっこう | D29: http://otk.ed.jp/ | E29: 大阪府大阪市北区天満2-2-16 | F29: 私立 | G29: 共学校 | H29: 通信制 | I29: 06-6352-0020 | J29: 34.692333 | K29: 135.51634 | L29: 京阪・大阪メトロ谷町線「天満橋」徒歩4分／JR東西線「大阪天満宮」・大阪メトロ堺筋線「南森町」JR2番出口徒歩9分 | M29: 通信制
A30: 28 | B30: 大阪電気通信大学高等学校 | C30: おおさかでんきつうしんだいがくこうとうがっこう | D30: http://www.dentsu.ed.jp/ | E30: 大阪府守口市橋波西之町1-5-18 | F30: 私立 | G30: 共学校 | H30: 工学科、普通科 | I30: 06-6992-6261 | J30: 34.737075 | K30: 135.57142 | L30: 京阪電車「守口市」徒歩10分／京阪電車「西三荘」徒歩6分／大阪モノレール・京阪電車「門真市」徒歩16分／大阪メトロ谷町線「守口」徒歩10分 | M30: 工学科 | N30: 普通科
A31: 29 | B31: 大阪桐蔭高等学校 | C31: おおさかとういんこうとうがっこう | D31: http://www.osakatoin.ed.jp | E31: 大阪府大東市中垣内3-1-1 | F31: 私立 | G31: 共学校 | H31: 普通科 | I31: 072-870-1001 | J31: 34.707958 | K31: 135.64566 | L31: JR学研都市線「野崎」徒歩18分・「住道」からシャトルバス／近鉄けいはんな線「新石切」から近鉄バス「産業大学前」下車すぐ | M31: 普通科
A32: 30 | B32: 大阪夕陽丘学園高等学校 | C32: おおさかゆうひがおかがくえんこうとうがっこう | D32: http://www.oyg.ed.jp | E32: 大阪府大阪市天王寺区生玉寺町7-72 | F32: 私立 | G32: 共学校 | H32: 普通科 | I32: 06-6771-9510 | J32: 34.659836 | K32: 135.5135 | L32: 大阪メトロ谷町線「四天王寺前夕陽ヶ丘」徒歩3分／南海「なんば」徒歩12分／近鉄「大阪上本町」徒歩12分／JR「天王寺」徒歩20分 | M32: 普通科
A33: 31 | B33: 大阪緑涼高等学校 | C33: おおさかりょくりょうこうとうがっこう | D33: http://www.osakaryokuryo.ed.jp/ | E33: 大阪府藤井寺市春日丘3-8-1 | F33: 私立 | G33: 共学校 | H33: 普通科 | I33: 072-955-0718 | J33: 34.569304 | K33: 135.58956 | L33: 近鉄南大阪線「藤井寺」徒歩5分 | M33: 普通科
A34: 32 | B34: 大谷高等学校 | C34: おおたにこうとうがっこう | D34: http://www.osk-ohtani.ed.jp | E34: 大阪府大阪市阿倍野区共立通2-8-4 | F34: 私立 | G34: 女子校 | H34: 普通科 | I34: 06-6661-8400 | J34: 34.638967 | K34: 135.50622 | L34: 大阪メトロ谷町線「阿倍野」徒歩8分／JR環状線・阪和線「天王寺」・近鉄南大阪線「あべの橋」・大阪メトロ御堂筋線「天王寺」徒歩17分／南海本線・高野線・大阪メトロ堺筋線「天下茶屋」徒歩15分／阪堺線「松虫」徒歩7分 | M34: 普通科
A35: 33 | B35: 開明高等学校 | C35: かいめいこうとうがっこう | D35: https://www.kaimei.ed.jp/ | E35: 大阪府大阪市城東区野江1-9-9 | F35: 私立 | G35: 共学校 | H35: 普通科 | I35: 06-6932-4461 | J35: 34.700955 | K35: 135.53781 | L35: 大阪メトロ谷町線「野江内代」、大阪メトロ長堀鶴見緑地線・今里筋線「蒲生四丁目」、京阪本線「野江」、JRおおさか東線「JR野江」徒歩12分 | M35: 普通科
A36: 34 | B36: 香ヶ丘リベルテ高等学校 | C36: かおりがおかりべるてこうとうがっこう | D36: http://www.liberte.ed.jp | E36: 大阪府堺市堺区浅香山町1-2-20 | F36: 私立 | G36: 女子校 | H36: 普通科 | I36: 072-238-7881 | J36: 34.584265 | K36: 135.49742 | L36: JR阪和線「浅香」徒歩5分／南海高野線「浅香山」徒歩12分／大阪メトロ御堂筋線「北花田」からバス「愛泉学園前」下車 | M36: 普通科
A37: 35 | B37: 関西大倉高等学校 | C37: かんさいおおくらこうとうがっこう | D37: http://www.kankura.jp | E37: 大阪府茨木市室山2-14-1 | F37: 私立 | G37: 共学校 | H37: 普通科 | I37: 072-643-6321 | J37: 34.848608 | K37: 135.54207 | L37: JR「茨木」／阪急「茨木市」「北千里」「石橋阪大前」／北大阪急行・大阪モノレール「千里中央」からスクールバス | M37: 普通科
A38: 36 | B38: 関西創価高等学校 | C38: かんさいそうかこうとうがっこう | D38: http://www.kansai.soka.ed.jp | E38: 大阪府交野市寺3-20-1 | F38: 私立 | G38: 共学校 | H38: 普通科 | I38: 072-891-0011 | J38: 34.78444 | K38: 135.69727 | L38: JR学研都市線「河内磐船」徒歩20分・京阪交野線「河内森」徒歩20分 | M38: 普通科
A39: 37 | B39: 関西大学高等部 | C39: かんさいだいがくこうとうぶ | D39: https://www.kansai-u.ac.jp/senior/ | E39: 大阪府大阪府高槻市白梅町7-1 | F39: 私立 | G39: 共学校 | H39: 普通科 | I39: 072-684-4327 | J39: 34.85493 | K39: 135.62264 | L39: JR京都線「高槻」徒歩7分／阪急京都線「高槻市」徒歩10分 | M39: 普通科
A40: 38 | B40: 関西大学第一高等学校 | C40: かんさいだいがくだいいちこうとうがっこう | D40: http://www.kansai-u.ac.jp/dai-ichi/high/ | E40: 大阪府吹田市山手町3-3-24 | F40: 私立 | G40: 共学校 | H40: 普通科 | I40: 06-6337-7750 | J40: 34.770101 | K40: 135.50906 | L40: 阪急千里線「関大前」南徒歩3分 | M40: 普通科
A41: 39 | B41: 関西大学北陽高等学校 | C41: かんさいだいがくほくようこうとうがっこう | D41: http://www.kansai-u.ac.jp/hokuyo/ | E41: 大阪府大阪市東淀川区上新庄1-3-26 | F41: 私立 | G41: 共学校 | H41: 普通科 | I41: 06-6328-5964 | J41: 34.746032 | K41: 135.52944 | L41: 阪急京都線「上新庄」徒歩8分／阪急千里線「下新庄」徒歩13分／JRおおさか東線「JR淡路」徒歩15分 | M41: 普通科
A42: 40 | B42: 関西福祉科学大学高等学校 | C42: かんさいふくしかがくだいがくこうとうがっこう | D42: http://www.hs.fuksi-kagk-u.ac.jp | E42: 大阪府柏原市旭ｹ丘3-11-1 | F42: 私立 | G42: 共学校 | H42: 普通科 | I42: 072-976-1112 | J42: 34.558183 | K42: 135.63567 | L42: 近鉄大阪線「河内国分」徒歩12分・「大阪教育大前」徒歩10分／近鉄南大阪線「古市」からスクールバス約20分／JR大和路線「高井田」徒歩20分・スクールバス10分 | M42: 普通科
... A51: 49 | B51: 賢明学院高等学校 | C51: けんめいがくいんこうとうがっこう | D51: https://kenmei.jp/correspondencecourse/ | E51: 大阪府堺市堺区霞ｹ丘町4-3-30 | F51: 私立 | G51: 共学校 | H51: 通信制 | I51: 072-241-2111 | J51: 34.552995 | K51: 135.46778 | L51: JR阪和線「上野芝」徒歩13分／南海高野線「堺東」から南海バス「霞ケ丘」「南陵通一丁」下車徒歩3分 | M51: 通信制
A52: 50 | B52: 興國高等学校 | C52: こうこくこうとうがっこう | D52: http://www.kokoku.ed.jp/ | E52: 大阪府大阪市天王寺区寺田町1-4-26 | F52: 私立 | G52: 男子校 | H52: ITビジネス科、普通科 | I52: 06-6779-8151 | J52: 34.652518 | K52: 135.52163 | L52: JR環状線「寺田町」徒歩7分 | M52: ITビジネス科 | N52: 普通科
A53: 51 | B53: 神須学園高等学校 | C53: こうずがくえんこうとうがっこう | D53: https://www.kozu-gakuen.ed.jp/ | E53: 大阪府岸和田市野田町1-7-12 | F53: 私立 | G53: 共学校 | H53: 通信制 | I53: 072-493-3977 | J53: 34.459455 | K53: 135.37818 | L53: 南海本線「岸和田」徒歩2分 | M53: 通信制
A54: 52 | B54: 好文学園女子高等学校 | C54: こうぶんがくえんじょしこうとうがっこう | D54: https://koubun.ed.jp/ | E54: 大阪府大阪市西淀川区千舟3-8-22 | F54: 私立 | G54: 女子校 | H54: 普通科 | I54: 06-6472-2281 | J54: 34.710151 | K54: 135.4485 | L54: JR東西線「御幣島」徒歩約12分／阪神本線「千船」徒歩約6分／阪神なんば線「出来島」徒歩約15分 | M54: 普通科
A55: 53 | B55: 向陽台高等学校 | C55: こうようだいこうとうがっこう | D55: http://www.koyodai.ed.jp | E55: 大阪府茨木市宿久庄7-20-1 | F55: 私立 | G55: 共学校 | H55: 通信制 | I55: 072-643-6681 | J55: 34.846013 | K55: 135.52885 | L55: モノレール「彩都西」徒歩10分／JR「茨木」・阪急「茨木市」「北千里」「石橋」・モノレール「千里中央」各駅よりスクールバス | M55: 通信制
A56: 54 | B56: 香里ヌヴェール学院高等学校 | C56: こうりぬう゛ぇーるがくいんこうとうがっこう | D56: http://www.seibo.ed.jp/nevers-hs/ | E56: 大阪府寝屋川市美井町18-10 | F56: 私立 | G56: 共学校 | H56: 普通科 | I56: 072-831-8452 | J56: 34.780951 | K56: 135.63621 | L56: 京阪「香里園」徒歩8分 | M56: 普通科
A57: 55 | B57: 金光大阪高等学校 | C57: こんこうおおさかこうとうがっこう | D57: http://www.kohs.ed.jp/ | E57: 大阪府高槻市東上牧1-3-1 | F57: 私立 | G57: 共学校 | H57: 普通科 | I57: 072-669-5211 | J57: 34.868881 | K57: 135.66332 | L57: 阪急京都線「上牧」南徒歩3分／JR京都線「島本」徒歩18分 | M57: 普通科
A58: 56 | B58: 金光藤蔭高等学校 | C58: こんこうとういんこうとうがっこう | D58: http://www.konkoutouin.ed.jp | E58: 大阪府大阪市生野区小路東4-1-26 | F58: 私立 | G58: 共学校 | H58: 普通科 | I58: 06-6751-2461 | J58: 34.65736 | K58: 135.55656 | L58: 大阪メトロ千日前線「小路」5分／近鉄大阪線「布施」15分 | M58: 普通科
A59: 57 | B59: 金光八尾高等学校 | C59: こんこうやおこうとうがっこう | D59: http://www.konkoyao.ed.jp | E59: 大阪府八尾市柏村町1-63 | F59: 私立 | G59: 共学校 | H59: 普通科 | I59: 072-922-9162 | J59: 34.61365 | K59: 135.62257 | L59: 近鉄大阪線「高安」南西徒歩10分・「恩智」北西徒歩7分 | M59: 普通科
A60: 58 | B60: 堺リベラル高等学校 | C60: さかいりべらるこうとうがっこう | D60: http://www.liberal.ed.jp/ | E60: 大阪府大阪府堺市堺区浅香山町1-2-20 | F60: 私立 | G60: 女子校 | H60: 表現教育科 | I60: 072-275-7688 | J60: 34.584265 | K60: 135.49742 | L60: JR阪和線「堺市」徒歩10分／南海高野線「浅香山」徒歩12分／大阪メトロ御堂筋線「北花田」からバス「愛泉学園前」下車 | M60: 表現教育科
A61: 59 | B61: 四條畷学園高等学校 | C61: しじょうなわてがくえんこうとうがっこう | D61: http://jh.shijonawate-gakuen.ac.jp/ | E61: 大阪府大東市学園町6-45 | F61: 私立 | G61: 共学校 | H61: 普通科 | I61: 072-876-1327 | J61: 34.731062 | K61: 135.64051 | L61: JR学研都市線「四条畷」徒歩1分 | M61: 普通科
A62: 60 | B62: 四天王寺高等学校 | C62: してんのうじこうとうがっこう | D62: http://www.shitennoji.ac.jp | E62: 大阪府大阪市天王寺区四天王寺1-11-73 | F62: 私立 | G62: 女子校 | H62: 普通科 | I62: 06-6772-6201 | J62: 34.65464 | K62: 135.51451 | L62: JR「天王寺」北徒歩10分／大阪メトロ谷町線「四天王寺前夕陽ケ丘」4番出口南徒歩5分 | M62: 普通科
A63: 61 | B63: 四天王寺東高等学校 | C63: してんのうじひがしこうとうがっこう | D63: http://www.shitennojigakuen.ed.jp/sgjh/ | E63: 大阪府大阪府藤井寺市春日丘3-1-78 | F63: 私立 | G63: 共学校 | H63: 普通科 | I63: 072-937-2855 | J63: 34.570921 | K63: 135.59102 | L63: 近鉄南大阪線「藤井寺」下車3分 | M63: 普通科
A64: 62 | B64: 秋桜高等学校 | C64: しゅうおうこうとうがっこう | D64: https://www.shuoh.ed.jp/index.html | E64: 大阪府貝塚市新町2-10 | F64: 私立 | G64: 共学校 | H64: 通信制 | I64: 072-432-6007 | J64: 34.443573 | K64: 135.35431 | L64: 南海本線「貝塚」南西徒歩5分 | M64: 通信制
... A68: 66 | B68: 城南学園高等学校 | C68: じょうなんがくえんこうとうがっこう | D68: http://www.jonan.ac.jp/chuko | E68: 大阪府大阪市東住吉区照ｹ丘矢田2-14-10 | F68: 私立 | G68: 女子校 | H68: 普通科 | I68: 06-6702-9784 | J68: 34.607923 | K68: 135.53797 | L68: 近鉄南大阪線「矢田」北東約600ｍ／大阪メトロ谷町線「喜連瓜破」西約1．1ｋｍ／大阪メトロ御堂筋線「長居」・JR阪和線「長居」から大阪市バス「湯里6丁目」下車すぐ | M68: 普通科
A69: 67 | B69: 昇陽高等学校 | C69: しょうようこうとうがっこう | D69: http://www.oskshoyo.ed.jp/ | E69: 大阪府大阪市此花区朝日1-1-9 | F69: 私立 | G69: 共学校 | H69: 福祉科、普通科 | I69: 06-6461-0091 | J69: 34.684565 | K69: 135.46222 | L69: JR大阪環状線・阪神なんば線「西九条」徒歩6分／阪神なんば線「千鳥橋」徒歩5分 | M69: 福祉科 | N69: 普通科
A70: 68 | B70: 精華高等学校 | C70: せいかこうとうがっこう | D70: http://www.seika-h.ed.jp/ | E70: 大阪府堺市中区辻之1517 | F70: 私立 | G70: 共学校 | H70: 普通科 | I70: 072-234-3391 | J70: 34.510638 | K70: 135.5153 | L70: 泉北高速鉄道「泉ヶ丘」「深井」から南海バス「東中学校前」下車徒歩5分／南海高野線「北野田」南海バス「高山」下車徒歩8分 | M70: 普通科
A71: 69 | B71: 清教学園高等学校 | C71: せいきょうがくえんこうとうがっこう | D71: https://www.seikyo.ed.jp/ | E71: 大阪府河内長野市末広町623 | F71: 私立 | G71: 共学校 | H71: 普通科 | I71: 0721-62-6828 | J71: 34.445929 | K71: 135.57468 | L71: 南海・近鉄「河内長野」南東徒歩10分／南海「岸和田」「泉佐野」泉北「和泉中央」水間「水間観音」からバス | M71: 普通科
A72: 70 | B72: 星翔高等学校 | C72: せいしょうこうとうがっこう | D72: http://www.osaka-seisho.ed.jp/ | E72: 大阪府摂津市三島3-5-36 | F72: 私立 | G72: 共学校 | H72: 機械工学科、電子機械工学科、電気工学科、コミュニケーションシステム工学科、普通科 | I72: 06-6381-0220 | J72: 34.78027 | K72: 135.55513 | L72: 阪急京都線「正雀」東徒歩14分・「摂津市」徒歩10分／大阪モノレール「摂津」徒歩12分／JR京都線「岸辺」徒歩19 分・「千里丘」徒歩19分 | M72: 機械工学科 | N72: 電子機械工学科 | O72: 電気工学科 | P72: コミュニケーションシステム工学科 | Q72: 普通科
A73: 71 | B73: 清風高等学校 | C73: せいふうこうとうがっこう | D73: https://www.seifu.ac.jp/ | E73: 大阪府大阪市天王寺区石ヶ辻町12-16 | F73: 私立 | G73: 男子校 | H73: 普通科 | I73: 06-6771-5757 | J73: 34.664025 | K73: 135.52162 | L73: 大阪メトロ谷町線・千日前線「谷町九丁目」徒歩7分／近鉄線・阪神なんば線「大阪上本町」徒歩3分／JR大阪環状線「鶴橋」徒歩12分 | M73: 普通科
A74: 72 | B74: 清風南海高等学校 | C74: せいふうなんかいこうとうがっこう | D74: http://www.seifunankai.ac.jp | E74: 大阪府高石市綾園5-7-64 | F74: 私立 | G74: 共学校 | H74: 普通科 | I74: 072-261-7761 | J74: 34.517084 | K74: 135.42826 | L74: 南海本線「高石」徒歩7分・「北助松」徒歩5分／JR阪和線「北信太」徒歩20分 | M74: 普通科
A75: 73 | B75: 清明学院高等学校 | C75: せいめいがくいんこうとうがっこう | D75: http://www.seimei.ed.jp | E75: 大阪府大阪市住吉区墨江2-4-4 | F75: 私立 | G75: 共学校 | H75: 普通科 | I75: 06-6673-8181 | J75: 34.607511 | K75: 135.49505 | L75: 南海高野線「沢ノ町」徒歩4分／南海本線「住吉大社」徒歩12分 | M75: 普通科
A76: 74 | B76: 宣真高等学校 | C76: せんしんこうとうがっこう | D76: http://senshin-gakuen.jp | E76: 大阪府池田市荘園2-3-12 | F76: 私立 | G76: 女子校 | H76: 普通科 | I76: 072-761-8801 | J76: 34.810488 | K76: 135.43763 | L76: 阪急宝塚線「石橋阪大前」徒歩約10分 | M76: 普通科
A77: 75 | B77: 相愛高等学校 | C77: そうあいこうとうがっこう | D77: http://www.soai.ed.jp/ | E77: 大阪府大阪市中央区本町4-1-23 | F77: 私立 | G77: 女子校 | H77: 音楽科、普通科 | I77: 06-6262-0621 | J77: 34.684147 | K77: 135.49932 | L77: 大阪メトロ御堂筋線「本町」4号出口すぐ | M77: 音楽科 | N77: 普通科
A78: 76 | B78: 大商学園高等学校 | C78: だいしょうがくえんこうとうがっこう | D78: http://www.daisho.ac.jp | E78: 大阪府豊中市利倉東1-2-1 | F78: 私立 | G78: 共学校 | H78: 商業科、普通科 | I78: 06-6862-5223 | J78: 34.764398 | K78: 135.46533 | L78: 阪急宝塚線「服部天神」西へ徒歩10分 | M78: 商業科 | N78: 普通科
A79: 77 | B79: 太成学院大学高等学校 | C79: たいせいがくいんだいがくこうとうがっこう | D79: http://www.taisei-hs.ac.jp | E79: 大阪府大東市諸福7-2-23 | F79: 私立 | G79: 共学校 | H79: スポーツ科、普通科 | I79: 072-871-1921 | J79: 34.70415 | K79: 135.59745 | L79: JR学研都市線「鴻池新田」北徒歩7分 | M79: スポーツ科 | N79: 普通科
A80: 78 | B80: 高槻高等学校 | C80: たかつきこうとうがっこう | D80: https://www.takatsuki.ed.jp | E80: 大阪府高槻市沢良木町2-5 | F80: 私立 | G80: 共学校 | H80: 普通科 | I80: 072-671-0001 | J80: 34.847321 | K80: 135.62971 | L80: 阪急「高槻市」徒歩7分／JR「高槻」徒歩16分／京阪「枚方市」から京阪バス「松原」下車すぐ | M80: 普通科
A81: 79 | B81: 帝塚山学院高等学校 | C81: てづかやまがくいんこうとうがっこう | D81: http://www.tezukayama.ac.jp/cyu_kou | E81: 大阪府大阪市住吉区帝塚山中3-10-51 | F81: 私立 | G81: 女子校 | H81: 普通科 | I81: 06-6672-1151 | J81: 34.620498 | K81: 135.49831 | L81: 南海高野線「帝塚山」下車すぐ／阪堺上町線「帝塚山三丁目」徒歩2分 | M81: 普通科
A82: 80 | B82: 帝塚山学院泉ヶ丘高等学校 | C82: てづかやまがくいんいずみがおかこうとうがっこう | D82: http://www.tezuka-i-h.jp | E82: 大阪府堺市南区晴美台4-2-1 | F82: 私立 | G82: 共学校 | H82: 普通科 | I82: 072-293-1221 | J82: 34.489011 | K82: 135.53176 | L82: 泉北高速鉄道「泉ヶ丘」から南海バス「帝塚山学院泉ヶ丘校前」下車 | M82: 普通科
A83: 81 | B83: 天王寺学館高等学校 | C83: てんのうじがっかんこうとうがっこう | D83: http://www.tg-group.ac.jp/tgkoko | E83: 大阪府大阪市平野区平野北1-10-43 | F83: 私立 | G83: 共学校 | H83: 通信制 | I83: 06-6795-1860 | J83: 34.63137 | K83: 135.55206 | L83: JR大和路線「平野」駅前／大阪メトロ千日前線「南巽」より479号線を南に徒歩約20分／大阪メトロ谷町線「平野」より479号線を北に徒歩約20分 | M83: 通信制
A84: 82 | B84: 東海大学付属大阪仰星高等学校 | C84: とうかいだいがくふぞくおおさかぎょうせいこうとうがっこう | D84: http://www.tokai.ed.jp/gyosei/ | E84: 大阪府枚方市桜丘町60-1 | F84: 私立 | G84: 共学校 | H84: 普通科 | I84: 072-849-7211 | J84: 34.805995 | K84: 135.66956 | L84: 京阪交野線「村野」徒歩10分／近鉄学園前～登美が丘～白庭台～田原台スクールバス | M84: 普通科
A85: 83 | B85: 同志社香里高等学校 | C85: どうししゃこうりこうとうがっこう | D85: http://www.kori.doshisha.ac.jp | E85: 大阪府寝屋川市三井南町15-1 | F85: 私立 | G85: 共学校 | H85: 普通科 | I85: 072-831-0285 | J85: 34.773487 | K85: 135.63589 | L85: 京阪「香里園」南東徒歩約18分 | M85: 普通科
A86: 84 | B86: 東朋学園高等学校 | C86: とうほうがくえんこうとうがっこう | D86: http://www.okazakitoho.ed.jp/ | E86: 大阪府大阪市天王寺区城南寺町7-28 | F86: 私立 | G86: 共学校 | H86: 通信制 | I86: 06-6761-3111 | J86: 34.669412 | K86: 135.52227 | L86: 近鉄大阪線「大阪上本町駅」徒歩約7 分／大阪メトロ「谷町九丁目」11番出口徒歩約10分／JR大阪環状線「鶴橋」中央改札徒歩約13分／大阪シティバス「上本町六丁目」バス停徒歩約7分 | M86: 通信制
A87: 85 | B87: 長尾谷高等学校 | C87: ながおだにこうとうがっこう | D87: http://www.nagaodani.ed.jp | E87: 大阪府枚方市長尾元町2-29-27 | F87: 私立 | G87: 共学校 | H87: 通信制 | I87: 072-850-9111 | J87: 34.826514 | K87: 135.70751 | L87: 阪急「中津」南西350ｍ／JR「大阪」北1200ｍ／大阪メトロ「中津」南西850ｍ／阪急「大阪梅田」西1500ｍ | M87: 通信制
A88: 86 | B88: 浪速高等学校 | C88: なにわこうとうがっこう | D88: http://www.naniwa.ed.jp/ | E88: 大阪府大阪市住吉区山之内2-13-57 | F88: 私立 | G88: 共学校 | H88: 普通科 | I88: 06-6693-4031 | J88: 34.598002 | K88: 135.50111 | L88: 大阪メトロ御堂筋線「あびこ」徒歩約14分／JR阪和線「我孫子町」「杉本町」徒歩9分／南海高野線「我孫子前」徒歩6分 | M88: 普通科
A89: 87 | B89: 梅花高等学校 | C89: ばいかこうとうがっこう | D89: http://www.baika-jh.ed.jp | E89: 大阪府豊中市上野西1-5-30 | F89: 私立 | G89: 女子校 | H89: 普通科 | I89: 06-6852-0001 | J89: 34.790501 | K89: 135.47151 | L89: 阪急宝塚線「豊中」徒歩約13分／北大阪急行「千里中央」「桃山台」から阪急バス「梅花学園前」下車すぐ／大阪モノレール「少路」からスクールバス20分 | M89: 普通科
A90: 88 | B90: 羽衣学園高等学校 | C90: はごろもがくえんこうとうがっこう | D90: http://www.hagoromogakuen.ed.jp/ | E90: 大阪府高石市東羽衣1-11-57 | F90: 私立 | G90: 共学校 | H90: 普通科 | I90: 072-265-7561 | J90: 34.534582 | K90: 135.44521 | L90: 南海「羽衣」・JR阪和線「東羽衣」徒歩4分 | M90: 普通科
A91: 89 | B91: 初芝富田林高等学校 | C91: はつしばとんだばやしこうとうがっこう | D91: http://www.hatsushiba.ed.jp/tondabayashi/ | E91: 大阪府富田林市彼方1801 | F91: 私立 | G91: 共学校 | H91: 普通科 | I91: 0721-34-1010 | J91: 34.471304 | K91: 135.58997 | L91: 近鉄長野線「滝谷不動」南東徒歩20分／南海「河内長野」・近鉄長野線「滝谷不動」・泉北高速鉄道「泉ヶ丘」・「和泉中央」・南海本線「岸和田」・JR阪和線「和泉府中」・「久米田」からスクールバス | M91: 普通科
A92: 90 | B92: 初芝立命館高等学校 | C92: はつしばりつめいかんこうとうがっこう | D92: http://www.hatsushiba.ed.jp/ritsumeikan/ | E92: 大阪府堺市東区西野194-1 | F92: 私立 | G92: 共学校 | H92: 体育科、普通科 | I92: 072-235-3900 | J92: 34.511311 | K92: 135.5426 | L92: 南海高野線「北野田」徒歩15分 | M92: 体育科 | N92: 普通科
A93: 91 | B93: 阪南大学高等学校 | C93: はんなんだいがくこうとうがっこう | D93: http://www.hdk.ed.jp/ | E93: 大阪府松原市河合2-10-65 | F93: 私立 | G93: 共学校 | H93: 普通科 | I93: 072-332-1221 | J93: 34.570294 | K93: 135.54407 | L93: 「天王寺」「大阪阿部野橋」約20分／堺・堺市・堺東から南海バス「高見ノ里」下車 | M93: 普通科
A94: 92 | B94: PL学園高等学校 | C94: びーえるがくえんこうとうがっこう | D94: https://web.pl-gakuen.ac.jp/ | E94: 大阪府富田林市喜志2055 | F94: 私立 | G94: 共学校 | H94: 普通科 | I94: 0721-24-5132 | J94: 34.52244 | K94: 135.59558 | L94: 近鉄長野線「喜志」西徒歩15分 | M94: 普通科
A95: 93 | B95: 東大阪大学柏原高等学校 | C95: ひがしおおさかだいがくかしわらこうとうがっこう | D95: http://www.kashiwara.ed.jp/ | E95: 大阪府柏原市本郷5-993 | F95: 私立 | G95: 男子校 | H95: 普通科 | I95: 072-972-1565 | J95: 34.590597 | K95: 135.60933 | L95: JR大和路線「志紀」・「柏原」徒歩15分／近鉄大阪線「法善寺」「堅下」徒歩20分／近鉄道明寺線「柏原」徒歩5分 | M95: 普通科
A96: 94 | B96: 東大阪大学敬愛高等学校 | C96: ひがしおおさかだいがくけいあいこうとうがっこう | D96: http://www.higashiosaka-hs.ac.jp/keiai | E96: 大阪府東大阪市西堤学園町3-1-1 | F96: 私立 | G96: 共学校 | H96: 普通科 | I96: 06-6782-2881 | J96: 34.676379 | K96: 135.58105 | L96: JRおおさか東線「高井田中央」徒歩15分／近鉄奈良線「河内小阪」徒歩15分・近鉄バス「東大阪大学前」下車徒歩10分／大阪メトロ中央線「高井田」・「長田」徒歩15分 | M96: 普通科
A97: 95 | B97: 東大谷高等学校 | C97: ひがしおおたにこうとうがっこう | D97: http://www.higashiohtani.ac.jp | E97: 大阪府堺市南区三原台 2-2-2 | F97: 私立 | G97: 共学校 | H97: 普通科 | I97: 072-289-8069 | J97: 34.501871 | K97: 135.51399 | L97: 泉北高速鉄道「泉ケ丘」徒歩8分 | M97: 普通科
A98: 96 | B98: プール学院高等学校 | C98: ぷーるがくいんこうとうがっこう | D98: http://www.poole.ed.jp | E98: 大阪府大阪市生野区勝山北1-19-31 | F98: 私立 | G98: 女子校 | H98: 普通科 | I98: 06-6741-7005 | J98: 34.655027 | K98: 135.52807 | L98: JR環状線「桃谷」徒歩7分 | M98: 普通科
A99: 97 | B99: 箕面学園高等学校 | C99: みのおがくえんこうとうがっこう | D99: http://www.minohgakuen.ed.jp | E99: 大阪府箕面市箕面7-7-31 | F99: 私立 | G99: 共学校 | H99: 普通科 | I99: 072-723-6551 | J99: 34.834972 | K99: 135.46443 | L99: 阪急箕面線「箕面」西へ徒歩5分／御堂筋線・大阪モノレール「千里中央」から阪急バス「箕面」下車西へ徒歩5分 | M99: 普通科
A100: 98 | B100: 箕面自由学園高等学校 | C100: みのおじゆうがくえんこうとうがっこう | D100: https://mino-jiyu.ed.jp/ | E100: 大阪府豊中市宮山町4-21-1 | F100: 私立 | G100: 共学校 | H100: 普通科 | I100: 06-6852-8110 | J100: 34.811672 | K100: 135.46312 | L100: 阪急箕面線「桜井」南徒歩約7分／御堂筋線・大阪モノレール「千里中央」から阪急バス「春日町4丁目」下車徒歩約7分／大阪モノレール「柴原」徒歩約20分／JR京都線「茨木」から阪急バス「南桜井」下車すぐ | M100: 普通科
A101: 99 | B101: 明浄学院高等学校 | C101: めいじょうがくいんこうとうがっこう | D101: http://www.meijo.ed.jp | E101: 大阪府大阪市阿倍野区文の里3-15-7 | F101: 私立 | G101: 共学校 | H101: 普通科、看護科 | I101: 06-6623-0016 | J101: 34.63559 | K101: 135.52137 | L101: 大阪メトロ谷町線「文の里」東徒歩3分／大阪メトロ御堂筋線「昭和町」北東徒歩6分／JR阪和線「美章園」南西徒歩5分／近鉄南大阪線「北田辺」北西徒歩10分 | M101: 普通科 | N101: 看護科
A102: 100 | B102: 明星高等学校 | C102: みょうじょうこうとうがっこう | D102: http://www.meisei.ed.jp | E102: 大阪府大阪市天王寺区餌差町5-44 | F102: 私立 | G102: 男子校 | H102: 普通科 | I102: 06-6761-5606 | J102: 34.672371 | K102: 135.52506 | L102: JR大阪環状線「玉造」徒歩10分／大阪メトロ長堀鶴見緑地線「玉造」徒歩7分／近鉄「大阪上本町」徒歩12分／大阪メトロ谷町線「谷町六丁目」徒歩12分 | M102: 普通科
A103: 101 | B103: 桃山学院高等学校 | C103: ももやまがくいんこうとうがっこう | D103: http://www.momoyamagakuin-h.ed.jp/ | E103: 大阪府大阪市阿倍野区昭和町3-1-64 | F103: 私立 | G103: 共学校 | H103: 普通科 | I103: 06-6621-1181 | J103: 34.629445 | K103: 135.51658 | L103: 大阪メトロ御堂筋線「昭和町」徒歩5分／大阪メトロ谷町線「文の里」徒歩8分／JR阪和線「南田辺」徒歩10分 | M103: 普通科
A104: 102 | B104: 八洲学園高等学校 | C104: やしまがくえんこうとうがっこう | D104: http://www.yashima.ac.jp/hs/ | E104: 大阪府堺市西区鳳中町8-3-25 | F104: 私立 | G104: 共学校 | H104: 通信制 | I104: 072-262-8281 | J104: 34.534687 | K104: 135.45302 | L104: JR「鳳」西出口より徒歩8分 | M104: 通信制
A105: 103 | B105: 履正社高等学校 | C105: りせいしゃこうとうがっこう | D105: http://riseisha.ed.jp/h_school/ | E105: 大阪府豊中市長興寺南4-3-19 | F105: 私立 | G105: 共学校 | H105: 普通科 | I105: 06-6864-0456 | J105: 34.775291 | K105: 135.48031 | L105: 阪急宝塚線「曽根」東へ徒歩15分／北大阪急行「緑地公園駅」西へ徒歩18分 | M105: 普通科
A106: 104 | B106: YMCA学院高等学校 | C106: わいえむしいえいがくいんこうとうがっこう | D106: http://www.ymcagakuin.ac.jp | E106: 大阪府大阪市天王寺区生玉寺町1-3 | F106: 私立 | G106: 共学校 | H106: 通信制 | I106: 06-6779-5690 | J106: 34.663032 | K106: 135.5147 | L106: 大阪メトロ谷町線・千日前線「谷町九丁目」3番出口より徒歩4分／大阪メトロ谷町線「四天王寺前夕陽ヶ丘」徒歩7分／近鉄「大阪上本町」徒歩約7分 | M106: 通信制
A107: 105 | B107: 早稲田摂陵高等学校 | C107: わせだせつりょうこうとうがっこう | D107: http://www.waseda-setsuryo.ed.jp | E107: 大阪府茨木市宿久庄7-20-1 | F107: 私立 | G107: 共学校 | H107: 普通科 | I107: 072-643-6363 | J107: 34.846013 | K107: 135.52885 | L107: 阪急「茨木市」「北千里」「石橋」／北大阪急行・大阪モノレール「千里中央」／JR「茨木」からスクールバス／大阪モノレール「彩都西」から阪急バス「彩都あさぎ三丁目」下車徒歩1分 | M107: 普通科
A108: 106 | B108: 芥川高等学校 | C108: あくたがわこうとうがっこう | D108: https://www.osaka-c.ed.jp/akutagawa/ | E108: 大阪府高槻市浦堂1-12-1 | F108: 公立 | G108: 共学校 | H108: 普通科 | I108: 072-689-0109 | J108: 34.861548 | K108: 135.60154 | L108: JR「高槻」より高槻市バス「緑ヶ丘」下車北西250ｍ | M108: 普通科
A109: 107 | B109: 旭高等学校 | C109: あさひこうとうがっこう | D109: https://www.osaka-c.ed.jp/asahi/ | E109: 大阪府大阪市旭区高殿5-6-41 | F109: 公立 | G109: 共学校 | H109: 普通科、国際教養科 | I109: 06-6951-3133 | J109: 34.719211 | K109: 135.54184 | L109: 京阪「関目」徒歩12分・「森小路」徒歩13分／大阪メトロ谷町線「関目高殿」徒歩5番出口7分／大阪メトロ今里筋線「関目成育」徒歩12分 | M109: 普通科 | N109: 国際教養科
A110: 108 | B110: 芦間高等学校 | C110: あしまこうとうがっこう | D110: https://www.osaka-c.ed.jp/ashima/ | E110: 大阪府守口市外島町1-43 | F110: 公立 | G110: 共学校 | H110: 総合学科 | I110: 06-6993-7687 | J110: 34.741705 | K110: 135.5631 | L110: 大阪メトロ谷町線「守口」北400ｍ／京阪「守口市」北900ｍ | M110: 総合学科
A111: 109 | B111: 阿武野高等学校 | C111: あぶのこうとうがっこう | D111: https://www.osaka-c.ed.jp/abuno/ | E111: 大阪府高槻市氷室町3-38-1 | F111: 公立 | G111: 共学校 | H111: 普通科 | I111: 072-693-4670 | J111: 34.848037 | K111: 135.58533 | L111: JR「摂津富田」からバス「氷室」下車西300ｍ | M111: 普通科
...
